2024-01-01 00:03:34,14,1,OBJ1:27.0;AMB:27.0
2024-01-01 00:03:34,20,1,OBJ1:27.1;AMB:26.1
2024-01-01 00:03:38,14,1,OBJ1:27.0;AMB:27.0
2024-01-01 00:03:38,20,1,OBJ1:27.0;AMB:26.0
2024-01-01 00:03:42,14,1,OBJ1:26.9;AMB:27.0
2024-01-01 00:03:42,20,1,OBJ1:27.0;AMB:26.1
2024-01-01 00:00:17,20,2,OBJ1:27.1;AMB:26.1;RH:61.0%
2024-01-01 00:00:21,20,2,OBJ1:27.0;AMB:26.1;RH:61.0%
2024-01-01 00:00:23,14,1,OBJ1:26.4;AMB:26.3
2026-07-17 15:20:52,20,2,OBJ1:26.9;AMB:26.0;RH:61.5%
2026-07-17 15:20:53,14,1,OBJ1:26.2;AMB:26.1
2026-07-17 15:20:56,20,2,OBJ1:26.9;AMB:26.0;RH:61.5%
2026-07-17 15:20:57,14,1,OBJ1:26.1;AMB:26.1
2026-07-17 15:21:00,20,2,OBJ1:26.8;AMB:26.1;RH:61.5%
2026-07-17 15:21:01,14,1,OBJ1:26.2;AMB:26.0
2026-07-17 15:21:04,20,2,OBJ1:26.9;AMB:26.1;RH:61.5%
2026-07-17 15:21:05,14,1,OBJ1:26.2;AMB:26.0
2026-07-17 15:21:08,20,2,OBJ1:26.9;AMB:26.0;RH:61.5%
2026-07-17 15:21:09,14,1,OBJ1:26.3;AMB:26.0
2026-07-17 15:21:12,20,2,OBJ1:26.9;AMB:26.0;RH:61.5%
2026-07-17 15:21:13,14,1,OBJ1:26.4;AMB:26.0
2026-07-17 15:21:16,20,2,OBJ1:26.9;AMB:26.0;RH:61.5%
2026-07-17 15:21:17,14,1,OBJ1:26.3;AMB:26.0
2026-07-17 15:21:20,20,2,OBJ1:26.9;AMB:26.0;RH:61.5%
2026-07-17 15:21:21,14,1,OBJ1:26.4;AMB:26.0
2026-07-17 15:21:24,20,2,OBJ1:26.9;AMB:26.0;RH:61.5%
2026-07-17 15:21:25,14,1,OBJ1:26.5;AMB:25.9
2026-07-17 15:21:28,20,2,OBJ1:26.8;AMB:26.0;RH:61.5%
2026-07-17 15:21:29,14,1,OBJ1:26.4;AMB:25.9
2026-07-17 15:21:32,20,2,OBJ1:26.9;AMB:26.0;RH:61.5%
2026-07-17 15:21:33,14,1,OBJ1:26.5;AMB:25.9
2026-07-17 15:21:36,20,2,OBJ1:26.8;AMB:26.0;RH:61.5%
2026-07-17 15:21:37,14,1,OBJ1:26.5;AMB:25.9
2026-07-17 15:21:40,20,2,OBJ1:26.9;AMB:26.0;RH:61.5%
2026-07-17 15:21:42,14,1,OBJ1:26.5;AMB:25.9
2026-07-17 15:21:44,20,2,OBJ1:26.9;AMB:26.0;RH:61.5%
2026-07-17 15:21:46,14,1,OBJ1:26.5;AMB:25.9
2026-07-17 15:21:48,20,2,OBJ1:26.9;AMB:26.0;RH:61.5%
2026-07-17 15:21:50,14,1,OBJ1:26.4;AMB:25.9
2026-07-17 15:21:52,20,2,OBJ1:26.9;AMB:26.0;RH:61.5%
2026-07-17 15:21:54,14,1,OBJ1:26.6;AMB:25.9
2026-07-17 15:21:56,20,2,OBJ1:26.8;AMB:26.0;RH:61.5%
2026-07-17 15:21:58,14,1,OBJ1:26.5;AMB:25.8
2026-07-17 15:22:00,20,2,OBJ1:26.9;AMB:26.0;RH:61.5%
2026-07-17 15:22:02,14,1,OBJ1:26.4;AMB:25.8
2026-07-17 15:22:06,14,1,OBJ1:26.5;AMB:25.8
2026-07-17 15:22:08,20,2,OBJ1:26.9;AMB:26.0;RH:61.5%
2026-07-17 15:22:10,14,1,OBJ1:28.4;AMB:25.8
2026-07-17 15:22:12,20,2,OBJ1:26.9;AMB:26.0;RH:61.5%
2026-07-17 15:22:14,14,1,OBJ1:26.2;AMB:25.8
2026-07-17 15:22:16,20,2,OBJ1:26.9;AMB:26.0;RH:61.5%
2026-07-17 15:22:18,14,1,OBJ1:26.2;AMB:25.8
2026-07-17 15:22:20,20,2,OBJ1:26.9;AMB:26.0;RH:61.5%
2026-07-17 15:22:22,14,1,OBJ1:26.2;AMB:25.8
2026-07-17 15:22:24,20,2,OBJ1:26.8;AMB:26.0;RH:61.5%
2026-07-17 15:22:26,14,1,OBJ1:26.2;AMB:25.8
2026-07-17 15:22:28,20,2,OBJ1:26.8;AMB:26.0;RH:61.5%
2026-07-17 15:22:30,14,1,OBJ1:26.2;AMB:25.8
2026-07-17 15:22:32,20,2,OBJ1:26.8;AMB:26.0;RH:62.0%
2026-07-17 15:22:34,14,1,OBJ1:26.1;AMB:25.8
2026-07-17 15:22:36,20,2,OBJ1:26.8;AMB:26.0;RH:62.0%
2026-07-17 15:22:38,14,1,OBJ1:26.2;AMB:25.8
2026-07-17 15:22:40,20,2,OBJ1:26.9;AMB:26.0;RH:62.0%
2026-07-17 15:22:42,14,1,OBJ1:26.1;AMB:25.8
2026-07-17 15:22:44,20,2,OBJ1:26.8;AMB:26.0;RH:62.0%
2026-07-17 15:22:46,14,1,OBJ1:26.2;AMB:25.8
2026-07-17 15:22:48,20,2,OBJ1:26.9;AMB:26.0;RH:62.0%
2026-07-17 15:22:50,14,1,OBJ1:26.1;AMB:25.7
2026-07-17 15:22:52,20,2,OBJ1:26.9;AMB:26.0;RH:62.0%
2026-07-17 15:22:58,14,1,OBJ1:26.2;AMB:25.7
2026-07-17 15:23:00,20,2,OBJ1:26.8;AMB:26.0;RH:62.0%
2026-07-17 15:23:02,14,1,OBJ1:26.2;AMB:25.7
2026-07-17 15:23:04,20,2,OBJ1:26.8;AMB:26.0;RH:62.0%
2026-07-17 15:23:06,14,1,OBJ1:26.2;AMB:25.7
2026-07-17 15:23:08,20,2,OBJ1:26.9;AMB:26.0;RH:61.5%
2026-07-17 15:23:10,14,1,OBJ1:26.2;AMB:25.7
2026-07-17 15:23:13,20,2,OBJ1:26.8;AMB:26.0;RH:62.0%
2026-07-17 15:23:17,20,2,OBJ1:26.9;AMB:26.0;RH:61.5%
2026-07-17 15:23:22,14,1,OBJ1:26.2;AMB:25.7
2026-07-17 15:23:25,20,2,OBJ1:26.9;AMB:26.0;RH:62.0%
2026-07-17 15:44:01,20,2,OBJ1:27.1;AMB:25.9;RH:65.0%
2026-07-17 15:44:02,14,1,OBJ1:26.6;AMB:25.7
2026-07-17 15:44:05,20,2,OBJ1:27.0;AMB:26.0;RH:65.0%
2026-07-17 15:44:06,14,1,OBJ1:26.5;AMB:25.7
2026-07-17 15:44:09,20,2,OBJ1:27.0;AMB:26.0;RH:65.0%
2026-07-17 15:44:10,14,1,OBJ1:26.3;AMB:25.7
2026-07-17 15:44:13,20,2,OBJ1:27.0;AMB:26.0;RH:65.0%
2026-07-17 15:44:14,14,1,OBJ1:26.4;AMB:25.7
2026-07-17 15:44:17,20,2,OBJ1:27.1;AMB:26.0;RH:65.0%
2026-07-17 15:44:18,14,1,OBJ1:26.4;AMB:25.7
2026-07-17 15:44:21,20,2,OBJ1:27.1;AMB:26.0;RH:65.0%
2026-07-17 15:44:22,14,1,OBJ1:26.6;AMB:25.7
2026-07-17 15:44:25,20,2,OBJ1:27.0;AMB:26.0;RH:65.0%
2026-07-17 15:44:26,14,1,OBJ1:26.5;AMB:25.7
2026-07-17 15:44:29,20,2,OBJ1:27.5;AMB:26.0;RH:65.0%
2026-07-17 15:44:30,14,1,OBJ1:26.5;AMB:25.7
2026-07-17 15:44:33,20,2,OBJ1:27.2;AMB:26.0;RH:65.0%
2026-07-17 15:44:34,14,1,OBJ1:26.6;AMB:25.7
2026-07-17 15:44:37,20,2,OBJ1:27.0;AMB:26.0;RH:65.0%
2026-07-17 15:44:38,14,1,OBJ1:26.5;AMB:25.7
2026-07-17 15:44:41,20,2,OBJ1:27.1;AMB:26.0;RH:65.5%
2026-07-17 15:44:43,14,1,OBJ1:26.4;AMB:25.7
2026-07-17 15:44:45,20,2,OBJ1:27.1;AMB:26.0;RH:65.0%
2026-07-17 15:44:47,14,1,OBJ1:26.5;AMB:25.7
2026-07-17 15:44:49,20,2,OBJ1:27.2;AMB:26.0;RH:65.0%
2026-07-17 15:44:51,14,1,OBJ1:26.5;AMB:25.7
2026-07-17 15:44:53,20,2,OBJ1:27.2;AMB:26.0;RH:65.0%
2026-07-17 15:44:55,14,1,OBJ1:26.5;AMB:25.7
2026-07-17 15:44:57,20,2,OBJ1:27.1;AMB:25.9;RH:65.0%
2026-07-17 15:44:59,14,1,OBJ1:26.5;AMB:25.7
2026-07-17 15:45:01,20,2,OBJ1:27.1;AMB:25.9;RH:65.0%
2026-07-17 15:45:03,14,1,OBJ1:26.6;AMB:25.7
2026-07-17 15:45:05,20,2,OBJ1:27.2;AMB:25.9;RH:65.0%
2026-07-17 15:45:07,14,1,OBJ1:26.6;AMB:25.7
2026-07-17 15:45:09,20,2,OBJ1:27.1;AMB:26.0;RH:65.5%
2026-07-17 15:45:11,14,1,OBJ1:26.5;AMB:25.7
2026-07-17 15:45:13,20,2,OBJ1:27.1;AMB:26.0;RH:65.0%
2026-07-17 15:45:17,20,2,OBJ1:27.1;AMB:26.0;RH:65.0%
2026-07-17 15:45:19,14,1,OBJ1:26.5;AMB:25.7
2026-07-17 15:45:21,20,2,OBJ1:27.1;AMB:26.0;RH:65.0%
2026-07-17 15:45:23,14,1,OBJ1:26.4;AMB:25.6
2026-07-17 15:45:25,20,2,OBJ1:27.1;AMB:25.9;RH:65.0%
2026-07-17 15:45:27,14,1,OBJ1:26.5;AMB:25.7
2026-07-17 15:45:30,20,2,OBJ1:27.1;AMB:26.0;RH:65.0%
2026-07-17 15:45:31,14,1,OBJ1:26.5;AMB:25.7
2026-07-17 15:45:34,20,2,OBJ1:27.1;AMB:26.0;RH:65.0%
2026-07-17 15:45:35,14,1,OBJ1:26.5;AMB:25.7
2026-07-17 15:45:38,20,2,OBJ1:27.1;AMB:26.0;RH:65.0%
2026-07-17 15:45:39,14,1,OBJ1:26.5;AMB:25.7
2026-07-17 15:45:42,20,2,OBJ1:27.0;AMB:26.0;RH:65.0%
2026-07-17 15:45:43,14,1,OBJ1:26.5;AMB:25.7
2026-07-17 15:45:46,20,2,OBJ1:27.1;AMB:26.0;RH:65.0%
2026-07-17 15:45:47,14,1,OBJ1:26.6;AMB:25.7
2026-07-17 15:45:50,20,2,OBJ1:27.1;AMB:26.0;RH:65.0%
2026-07-17 15:45:51,14,1,OBJ1:26.5;AMB:25.7
2026-07-17 15:45:54,20,2,OBJ1:27.1;AMB:26.0;RH:65.0%
2026-07-17 15:45:55,14,1,OBJ1:26.5;AMB:25.7
2026-07-17 15:45:58,20,2,OBJ1:27.1;AMB:26.0;RH:65.0%
2026-07-17 15:45:59,14,1,OBJ1:26.5;AMB:25.7
2026-07-17 15:46:02,20,2,OBJ1:27.2;AMB:26.0;RH:65.0%
2026-07-17 15:46:03,14,1,OBJ1:26.4;AMB:25.7
2026-07-17 15:46:06,20,2,OBJ1:27.2;AMB:26.0;RH:65.0%
2026-07-17 15:46:07,14,1,OBJ1:26.5;AMB:25.7
2026-07-17 15:46:10,20,2,OBJ1:27.2;AMB:26.0;RH:65.0%
2026-07-17 15:46:11,14,1,OBJ1:26.4;AMB:25.7
2026-07-17 15:46:14,20,2,OBJ1:27.2;AMB:26.0;RH:65.0%
2026-07-17 15:46:15,14,1,OBJ1:26.5;AMB:25.7
2026-07-17 15:46:18,20,2,OBJ1:27.1;AMB:26.0;RH:65.0%
2026-07-17 15:46:19,14,1,OBJ1:26.5;AMB:25.7
2026-07-17 15:46:22,20,2,OBJ1:27.1;AMB:26.0;RH:65.0%
2026-07-17 15:46:23,14,1,OBJ1:26.5;AMB:25.7
2026-07-17 15:46:26,20,2,OBJ1:27.1;AMB:26.0;RH:65.0%
2026-07-17 15:46:27,14,1,OBJ1:26.5;AMB:25.6
2026-07-17 15:46:30,20,2,OBJ1:27.1;AMB:26.0;RH:65.0%
2026-07-17 15:46:31,14,1,OBJ1:26.5;AMB:25.7
2026-07-17 15:46:35,14,1,OBJ1:26.5;AMB:25.7
2026-07-17 15:46:42,20,2,OBJ1:27.2;AMB:26.0;RH:65.0%
2026-07-17 15:46:43,14,1,OBJ1:26.4;AMB:25.6
2026-07-17 15:46:47,14,1,OBJ1:26.4;AMB:25.7
2026-07-17 15:46:50,20,2,OBJ1:27.1;AMB:26.0;RH:65.5%
2026-07-17 15:46:51,14,1,OBJ1:26.6;AMB:25.6
2026-07-17 15:46:54,20,2,OBJ1:27.1;AMB:26.0;RH:65.5%
2026-07-17 15:46:55,14,1,OBJ1:26.5;AMB:25.6
2026-07-17 15:46:58,20,2,OBJ1:27.1;AMB:26.0;RH:65.0%
2026-07-17 15:46:59,14,1,OBJ1:26.5;AMB:25.7
2026-07-17 15:47:02,20,2,OBJ1:27.3;AMB:26.0;RH:65.0%
2026-07-17 15:47:03,14,1,OBJ1:26.5;AMB:25.6
2026-07-17 15:47:06,20,2,OBJ1:27.1;AMB:26.0;RH:65.0%
2026-07-17 15:47:07,14,1,OBJ1:26.4;AMB:25.6
2026-07-17 15:47:10,20,2,OBJ1:27.1;AMB:26.0;RH:65.0%
2026-07-17 15:47:11,14,1,OBJ1:26.4;AMB:25.6
2026-07-17 15:47:16,14,1,OBJ1:26.4;AMB:25.6
2026-07-17 15:47:18,20,2,OBJ1:27.2;AMB:26.0;RH:65.0%
2026-07-17 15:47:20,14,1,OBJ1:26.4;AMB:25.6
2026-07-17 15:47:22,20,2,OBJ1:28.9;AMB:26.0;RH:65.0%
2026-07-17 15:47:24,14,1,OBJ1:26.4;AMB:25.6
2026-07-17 15:47:26,20,2,OBJ1:28.8;AMB:26.0;RH:65.0%
2026-07-17 15:47:28,14,1,OBJ1:26.4;AMB:25.6
2026-07-17 15:47:30,20,2,OBJ1:27.4;AMB:26.0;RH:65.0%
2026-07-17 15:47:34,20,2,OBJ1:27.2;AMB:26.0;RH:65.0%
2026-07-17 15:47:36,14,1,OBJ1:26.4;AMB:25.6
2026-07-17 15:47:38,20,2,OBJ1:27.3;AMB:26.0;RH:65.0%
2026-07-17 15:47:42,20,2,OBJ1:27.2;AMB:26.0;RH:65.0%
2026-07-17 15:47:44,14,1,OBJ1:26.5;AMB:25.6
2026-07-17 15:47:46,20,2,OBJ1:27.1;AMB:26.0;RH:65.0%
2026-07-17 15:47:48,14,1,OBJ1:26.4;AMB:25.6
2026-07-17 15:47:50,20,2,OBJ1:27.1;AMB:26.0;RH:65.0%
2026-07-17 15:47:52,14,1,OBJ1:26.5;AMB:25.6
2026-07-17 15:47:54,20,2,OBJ1:28.3;AMB:26.0;RH:65.0%
2026-07-17 15:47:56,14,1,OBJ1:26.4;AMB:25.6
2026-07-17 15:47:59,20,2,OBJ1:27.0;AMB:26.0;RH:65.0%
2026-07-17 15:48:00,14,1,OBJ1:26.4;AMB:25.6
2026-07-17 15:48:03,20,2,OBJ1:27.1;AMB:26.0;RH:65.0%
2026-07-17 15:48:04,14,1,OBJ1:26.4;AMB:25.6
2026-07-17 15:48:07,20,2,OBJ1:27.2;AMB:26.0;RH:65.0%
2026-07-17 15:48:08,14,1,OBJ1:26.4;AMB:25.6
2026-07-17 15:48:11,20,2,OBJ1:27.1;AMB:26.0;RH:65.0%
2026-07-17 15:48:12,14,1,OBJ1:26.4;AMB:25.6
2026-07-17 15:48:15,20,2,OBJ1:27.1;AMB:26.0;RH:65.0%
2026-07-17 15:48:16,14,1,OBJ1:26.5;AMB:25.6
2026-07-17 15:48:19,20,2,OBJ1:27.1;AMB:26.0;RH:65.0%
2026-07-17 15:48:20,14,1,OBJ1:26.4;AMB:25.6
2026-07-17 15:48:23,20,2,OBJ1:27.1;AMB:26.0;RH:65.0%
2026-07-17 15:48:24,14,1,OBJ1:26.4;AMB:25.6
2026-07-17 15:48:27,20,2,OBJ1:27.2;AMB:26.0;RH:65.0%
2026-07-17 15:48:28,14,1,OBJ1:26.4;AMB:25.6
2026-07-17 15:48:31,20,2,OBJ1:27.1;AMB:26.0;RH:65.0%
2026-07-17 15:48:32,14,1,OBJ1:26.4;AMB:25.6
2026-07-17 15:48:35,20,2,OBJ1:27.1;AMB:26.0;RH:65.0%
2026-07-17 15:48:36,14,1,OBJ1:26.4;AMB:25.6
2026-07-17 15:48:39,20,2,OBJ1:27.1;AMB:26.0;RH:65.0%
2026-07-17 15:48:40,14,1,OBJ1:26.4;AMB:25.6
2026-07-17 15:48:43,20,2,OBJ1:27.1;AMB:26.0;RH:65.0%
2026-07-17 15:48:44,14,1,OBJ1:26.4;AMB:25.6
2026-07-17 15:48:47,20,2,OBJ1:27.1;AMB:26.0;RH:65.0%
2026-07-17 15:48:48,14,1,OBJ1:26.4;AMB:25.6
2026-07-17 15:48:51,20,2,OBJ1:27.2;AMB:26.0;RH:65.0%
2026-07-17 15:48:52,14,1,OBJ1:26.4;AMB:25.6
2026-07-17 15:48:55,20,2,OBJ1:27.1;AMB:26.0;RH:65.0%
2026-07-17 15:48:56,14,1,OBJ1:26.4;AMB:25.6
2026-07-17 15:48:59,20,2,OBJ1:27.1;AMB:26.0;RH:65.0%
2026-07-17 15:49:00,14,1,OBJ1:26.4;AMB:25.6
2026-07-17 15:49:03,20,2,OBJ1:27.1;AMB:26.0;RH:65.0%
2026-07-17 15:49:04,14,1,OBJ1:26.5;AMB:25.6
2026-07-17 15:49:07,20,2,OBJ1:27.1;AMB:26.0;RH:65.0%
2026-07-17 15:49:08,14,1,OBJ1:26.4;AMB:25.6
2026-07-17 15:49:11,20,2,OBJ1:27.1;AMB:26.0;RH:65.0%
2026-07-17 15:49:12,14,1,OBJ1:26.4;AMB:25.6
2026-07-17 15:49:16,14,1,OBJ1:26.4;AMB:25.6
2026-07-17 15:49:19,20,2,OBJ1:27.1;AMB:26.0;RH:65.0%
2026-07-17 15:49:20,14,1,OBJ1:26.5;AMB:25.5
2026-07-17 15:49:23,20,2,OBJ1:27.1;AMB:26.0;RH:65.0%
2026-07-17 15:49:24,14,1,OBJ1:26.3;AMB:25.6
2026-07-17 15:49:27,20,2,OBJ1:27.1;AMB:26.0;RH:65.0%
2026-07-17 15:49:28,14,1,OBJ1:26.4;AMB:25.6
2026-07-17 15:49:31,20,2,OBJ1:27.2;AMB:26.0;RH:65.0%
2026-07-17 15:49:32,14,1,OBJ1:26.4;AMB:25.6
2026-07-17 15:49:35,20,2,OBJ1:27.1;AMB:26.0;RH:65.0%
2026-07-17 15:49:36,14,1,OBJ1:26.4;AMB:25.6
2026-07-17 15:49:39,20,2,OBJ1:27.1;AMB:26.0;RH:64.5%
2026-07-17 15:49:40,14,1,OBJ1:26.4;AMB:25.6
2026-07-17 15:49:43,20,2,OBJ1:27.1;AMB:26.0;RH:64.5%
2026-07-17 15:49:47,20,2,OBJ1:27.1;AMB:26.0;RH:64.5%
2026-07-17 15:49:49,14,1,OBJ1:26.4;AMB:25.6
2026-07-17 15:49:51,20,2,OBJ1:27.1;AMB:26.0;RH:64.5%
2026-07-17 15:49:53,14,1,OBJ1:26.3;AMB:25.6
2026-07-17 15:49:55,20,2,OBJ1:27.1;AMB:26.0;RH:64.5%
2026-07-17 15:49:57,14,1,OBJ1:26.0;AMB:25.6
2026-07-17 15:49:59,20,2,OBJ1:27.1;AMB:26.0;RH:64.5%
2026-07-17 15:50:01,14,1,OBJ1:28.5;AMB:25.6
2026-07-17 15:50:03,20,2,OBJ1:27.1;AMB:26.0;RH:64.5%
2026-07-17 15:50:05,14,1,OBJ1:25.9;AMB:25.6
2026-07-17 15:50:07,20,2,OBJ1:27.0;AMB:26.0;RH:64.5%
2026-07-17 15:50:09,14,1,OBJ1:29.0;AMB:25.6
2026-07-17 15:50:11,20,2,OBJ1:27.1;AMB:26.0;RH:64.5%
2026-07-17 15:50:13,14,1,OBJ1:29.1;AMB:25.6
2026-07-17 15:50:15,20,2,OBJ1:27.1;AMB:26.0;RH:64.5%
2026-07-17 15:50:17,14,1,OBJ1:29.4;AMB:25.6
2026-07-17 15:50:19,20,2,OBJ1:27.1;AMB:26.0;RH:64.5%
2026-07-17 15:50:21,14,1,OBJ1:29.3;AMB:25.6
2026-07-17 15:50:23,20,2,OBJ1:27.1;AMB:26.0;RH:64.5%
2026-07-17 15:50:25,14,1,OBJ1:29.1;AMB:25.6
2026-07-17 15:50:28,20,2,OBJ1:27.1;AMB:26.0;RH:64.5%
2026-07-17 15:50:29,14,1,OBJ1:28.5;AMB:25.6
2026-07-17 15:50:32,20,2,OBJ1:27.1;AMB:26.0;RH:64.5%
2026-07-17 15:50:33,14,1,OBJ1:26.5;AMB:25.6
2026-07-17 15:50:36,20,2,OBJ1:27.1;AMB:26.0;RH:64.5%
2026-07-17 15:50:37,14,1,OBJ1:26.7;AMB:25.6
2026-07-17 15:50:40,20,2,OBJ1:27.1;AMB:26.0;RH:64.5%
2026-07-17 15:50:41,14,1,OBJ1:26.7;AMB:25.6
2026-07-17 15:50:44,20,2,OBJ1:27.1;AMB:26.0;RH:64.5%
2026-07-17 15:50:45,14,1,OBJ1:26.8;AMB:25.6
2026-07-17 15:50:48,20,2,OBJ1:27.2;AMB:26.0;RH:64.5%
2026-07-17 15:50:49,14,1,OBJ1:29.7;AMB:25.6
2026-07-17 15:50:52,20,2,OBJ1:27.0;AMB:26.0;RH:64.5%
2026-07-17 15:50:53,14,1,OBJ1:25.9;AMB:25.6
2026-07-17 15:50:56,20,2,OBJ1:27.2;AMB:26.0;RH:64.5%
2026-07-17 15:50:57,14,1,OBJ1:28.2;AMB:25.6
2026-07-17 15:51:00,20,2,OBJ1:27.1;AMB:26.0;RH:64.5%
2026-07-17 15:51:01,14,1,OBJ1:26.7;AMB:25.6
2026-07-17 15:51:05,14,1,OBJ1:26.7;AMB:25.6
2026-07-17 15:51:12,20,2,OBJ1:27.1;AMB:26.0;RH:64.5%
2026-07-17 15:51:13,14,1,OBJ1:26.7;AMB:25.6
2026-07-17 15:51:16,20,2,OBJ1:27.1;AMB:26.0;RH:64.5%
2026-07-17 15:51:17,14,1,OBJ1:26.7;AMB:25.6
2026-07-17 15:51:24,20,2,OBJ1:27.1;AMB:26.0;RH:64.5%
2026-07-17 15:51:25,14,1,OBJ1:26.7;AMB:25.6
2026-07-17 15:51:28,20,2,OBJ1:27.1;AMB:26.0;RH:64.5%
2026-07-17 15:51:29,14,1,OBJ1:29.8;AMB:25.6
2026-07-17 15:51:32,20,2,OBJ1:27.1;AMB:26.0;RH:64.5%
2026-07-17 15:51:33,14,1,OBJ1:30.3;AMB:25.6
2026-07-17 15:51:36,20,2,OBJ1:27.1;AMB:26.0;RH:64.5%
2026-07-17 15:51:37,14,1,OBJ1:26.7;AMB:25.6
2026-07-17 15:51:40,20,2,OBJ1:27.1;AMB:26.0;RH:64.5%
2026-07-17 15:51:41,14,1,OBJ1:26.8;AMB:25.6
2026-07-17 15:51:44,20,2,OBJ1:27.1;AMB:26.0;RH:64.5%
2026-07-17 15:51:45,14,1,OBJ1:26.8;AMB:25.6
2026-07-17 15:51:48,20,2,OBJ1:27.1;AMB:26.0;RH:65.0%
2026-07-17 15:51:52,20,2,OBJ1:27.1;AMB:26.0;RH:65.0%
2026-07-17 15:51:53,14,1,OBJ1:26.7;AMB:25.6
2026-07-17 15:51:57,14,1,OBJ1:27.9;AMB:25.6
2026-07-17 15:52:00,20,2,OBJ1:27.1;AMB:26.0;RH:65.0%
2026-07-17 15:52:01,14,1,OBJ1:28.6;AMB:25.6
2026-07-17 15:52:04,20,2,OBJ1:27.1;AMB:26.0;RH:65.0%
2026-07-17 15:52:05,14,1,OBJ1:27.6;AMB:25.7
2026-07-17 15:52:08,20,2,OBJ1:27.1;AMB:26.0;RH:65.0%
2026-07-17 15:52:09,14,1,OBJ1:27.6;AMB:25.7
2026-07-17 15:52:12,20,2,OBJ1:27.1;AMB:26.0;RH:65.0%
2026-07-17 15:52:13,14,1,OBJ1:34.1;AMB:25.7
2026-07-17 15:52:16,20,2,OBJ1:27.1;AMB:26.0;RH:65.0%
2026-07-17 15:52:17,14,1,OBJ1:27.5;AMB:25.7
2026-07-17 15:52:24,20,2,OBJ1:27.1;AMB:26.0;RH:65.0%
2026-07-17 15:52:26,14,1,OBJ1:27.0;AMB:25.7
2026-07-17 15:52:28,20,2,OBJ1:27.2;AMB:26.0;RH:64.5%
2026-07-17 15:52:30,14,1,OBJ1:27.9;AMB:25.8
2026-07-17 15:52:36,20,2,OBJ1:27.1;AMB:26.0;RH:64.5%
2026-07-17 15:52:38,14,1,OBJ1:0.0;AMB:0.0
2026-07-17 15:52:40,20,2,OBJ1:27.1;AMB:26.0;RH:64.5%
2026-07-17 15:52:42,14,1,OBJ1:0.0;AMB:0.0
2026-07-17 15:52:44,20,2,OBJ1:27.1;AMB:26.0;RH:65.0%
2026-07-17 15:52:46,14,1,OBJ1:0.0;AMB:0.0
2026-07-17 15:52:48,20,2,OBJ1:27.2;AMB:26.0;RH:65.0%
2026-07-17 15:52:50,14,1,OBJ1:0.0;AMB:0.0
2026-07-17 15:52:54,14,1,OBJ1:0.0;AMB:0.0
2026-07-17 15:52:57,20,2,OBJ1:27.1;AMB:26.0;RH:65.0%
2026-07-17 15:52:58,14,1,OBJ1:0.0;AMB:0.0
2026-07-17 15:53:01,20,2,OBJ1:27.1;AMB:26.0;RH:65.0%
2026-07-17 15:53:02,14,1,OBJ1:26.9;AMB:25.8
2026-07-17 15:53:05,20,2,OBJ1:27.1;AMB:26.0;RH:65.0%
2026-07-17 15:53:06,14,1,OBJ1:27.3;AMB:25.8
2026-07-17 15:53:09,20,2,OBJ1:27.1;AMB:26.0;RH:65.0%
2026-07-17 15:53:10,14,1,OBJ1:27.1;AMB:25.8
2026-07-17 15:53:13,20,2,OBJ1:27.1;AMB:26.0;RH:65.0%
2026-07-17 15:53:17,20,2,OBJ1:27.1;AMB:26.0;RH:65.0%
2026-07-17 15:53:18,14,1,OBJ1:26.8;AMB:25.8
2026-07-17 15:53:21,20,2,OBJ1:27.1;AMB:26.0;RH:65.0%
2026-07-17 15:53:22,14,1,OBJ1:26.8;AMB:25.8
2026-07-17 15:53:25,20,2,OBJ1:27.1;AMB:26.0;RH:65.0%
2026-07-17 15:53:26,14,1,OBJ1:26.9;AMB:25.8
2026-07-17 15:53:29,20,2,OBJ1:27.2;AMB:26.0;RH:65.0%
2026-07-17 15:53:34,14,1,OBJ1:30.3;AMB:25.8
2026-07-17 15:53:37,20,2,OBJ1:27.1;AMB:26.0;RH:65.0%
2026-07-17 15:53:38,14,1,OBJ1:29.7;AMB:25.8
2026-07-17 15:53:41,20,2,OBJ1:27.1;AMB:26.0;RH:65.0%
2026-07-17 15:53:42,14,1,OBJ1:29.6;AMB:25.8
2026-07-17 15:53:52,14,1,OBJ1:26.9;AMB:25.8
2026-07-17 15:53:53,20,2,OBJ1:27.1;AMB:26.0;RH:65.0%
2026-07-17 15:54:01,20,2,OBJ1:27.2;AMB:26.0;RH:65.0%
2026-07-17 15:54:02,14,1,OBJ1:29.6;AMB:25.7
2026-07-17 15:54:05,20,2,OBJ1:27.2;AMB:26.0;RH:65.0%
2026-07-17 15:54:09,20,2,OBJ1:27.1;AMB:26.0;RH:65.0%
2026-07-17 15:54:12,14,1,OBJ1:26.9;AMB:25.8
2026-07-17 15:54:13,20,2,OBJ1:27.1;AMB:26.0;RH:65.0%
2026-07-17 15:54:17,20,2,OBJ1:27.1;AMB:26.0;RH:65.0%
2026-07-17 15:54:21,20,2,OBJ1:27.1;AMB:26.0;RH:65.0%
2026-07-17 15:54:22,14,1,OBJ1:27.0;AMB:25.8
2026-07-17 15:54:25,20,2,OBJ1:27.1;AMB:26.0;RH:65.0%
2026-07-17 15:54:29,20,2,OBJ1:27.1;AMB:26.0;RH:65.0%
2026-07-17 15:54:33,20,2,OBJ1:27.1;AMB:26.0;RH:65.0%
2026-07-17 15:54:37,20,2,OBJ1:27.1;AMB:26.1;RH:65.0%
2026-07-17 15:54:41,20,2,OBJ1:27.2;AMB:26.1;RH:65.0%
2026-07-17 15:54:42,14,1,OBJ1:27.0;AMB:25.8
2026-07-17 15:54:45,20,2,OBJ1:27.1;AMB:26.0;RH:65.0%
2026-07-17 15:54:49,20,2,OBJ1:27.1;AMB:26.0;RH:65.0%
2026-07-17 15:54:52,14,1,OBJ1:28.4;AMB:25.8
2026-07-17 15:54:53,20,2,OBJ1:27.2;AMB:26.1;RH:65.0%
2026-07-17 15:54:57,20,2,OBJ1:27.1;AMB:26.1;RH:65.0%
2026-07-17 15:55:01,20,2,OBJ1:27.1;AMB:26.0;RH:65.0%
2026-07-17 15:55:03,14,1,OBJ1:26.9;AMB:25.8
2026-07-17 15:55:05,20,2,OBJ1:27.2;AMB:26.0;RH:65.0%
2026-07-17 15:55:09,20,2,OBJ1:27.1;AMB:26.1;RH:65.0%
2026-07-17 15:55:13,20,2,OBJ1:27.1;AMB:26.0;RH:65.0%
2026-07-17 15:55:17,20,2,OBJ1:27.1;AMB:26.0;RH:65.0%
2026-07-17 15:55:22,20,2,OBJ1:27.1;AMB:26.0;RH:65.0%
2026-07-17 15:55:26,20,2,OBJ1:27.2;AMB:26.0;RH:65.0%
2026-07-17 15:55:30,20,2,OBJ1:27.2;AMB:26.0;RH:65.0%
2026-07-17 15:55:33,14,1,OBJ1:26.9;AMB:25.7
2026-07-17 15:55:34,20,2,OBJ1:27.1;AMB:26.0;RH:65.0%
2026-07-17 15:55:38,20,2,OBJ1:27.1;AMB:26.0;RH:65.0%
2026-07-17 15:55:42,20,2,OBJ1:27.1;AMB:26.0;RH:65.0%
2026-07-17 15:55:43,14,1,OBJ1:26.9;AMB:25.8
2026-07-17 15:55:53,14,1,OBJ1:27.0;AMB:25.8
2026-07-17 15:55:54,20,2,OBJ1:27.1;AMB:26.0;RH:65.5%
2026-07-17 15:55:58,20,2,OBJ1:27.1;AMB:26.0;RH:65.5%
2026-07-17 15:56:02,20,2,OBJ1:27.1;AMB:26.0;RH:65.5%
2026-07-17 15:56:03,14,1,OBJ1:26.9;AMB:25.8
2026-07-17 15:56:06,20,2,OBJ1:27.2;AMB:26.0;RH:65.0%
2026-07-17 15:56:10,20,2,OBJ1:27.1;AMB:26.0;RH:65.0%
2026-07-17 15:56:13,14,1,OBJ1:27.0;AMB:25.8
2026-07-17 15:56:14,20,2,OBJ1:27.2;AMB:26.1;RH:65.0%
2026-07-17 15:56:18,20,2,OBJ1:27.2;AMB:26.0;RH:65.0%
2026-07-17 15:56:22,20,2,OBJ1:27.2;AMB:26.0;RH:65.0%
2026-07-17 15:56:33,14,1,OBJ1:26.9;AMB:25.7
2026-07-17 15:56:34,20,2,OBJ1:27.1;AMB:26.1;RH:65.0%
2026-07-17 15:56:42,20,2,OBJ1:27.2;AMB:26.1;RH:65.0%
2026-07-17 15:56:43,14,1,OBJ1:26.9;AMB:25.7
2026-07-17 15:56:46,20,2,OBJ1:27.2;AMB:26.1;RH:65.0%
2026-07-17 15:56:50,20,2,OBJ1:27.2;AMB:26.1;RH:65.0%
2026-07-17 15:56:53,14,1,OBJ1:26.9;AMB:25.7
2026-07-17 15:56:54,20,2,OBJ1:27.1;AMB:26.0;RH:65.0%
2026-07-17 15:56:58,20,2,OBJ1:27.2;AMB:26.0;RH:65.0%
2026-07-17 15:57:03,14,1,OBJ1:26.9;AMB:25.7
2026-07-17 15:57:06,20,2,OBJ1:27.1;AMB:26.0;RH:65.0%
2026-07-17 15:57:10,20,2,OBJ1:27.2;AMB:26.1;RH:65.0%
2026-07-17 15:57:18,20,2,OBJ1:27.2;AMB:26.1;RH:65.0%
2026-07-17 15:57:22,20,2,OBJ1:27.2;AMB:26.1;RH:65.0%
2026-07-17 15:57:26,20,2,OBJ1:27.3;AMB:26.1;RH:65.0%
2026-07-17 15:57:30,20,2,OBJ1:27.3;AMB:26.1;RH:65.0%
2026-07-17 15:57:34,20,2,OBJ1:27.1;AMB:26.1;RH:65.0%
2026-07-17 15:57:42,20,2,OBJ1:27.4;AMB:26.1;RH:65.0%
2026-07-17 15:57:46,20,2,OBJ1:27.5;AMB:26.1;RH:65.0%
2026-07-17 15:57:51,20,2,OBJ1:27.4;AMB:26.1;RH:65.0%
2026-07-17 15:57:55,20,2,OBJ1:27.5;AMB:26.0;RH:65.0%
2026-07-17 15:57:59,20,2,OBJ1:27.5;AMB:26.0;RH:64.5%
2026-07-17 15:58:03,20,2,OBJ1:27.5;AMB:26.0;RH:65.0%
2026-07-17 15:58:07,20,2,OBJ1:27.5;AMB:26.0;RH:64.5%
2026-07-17 15:58:11,20,2,OBJ1:27.5;AMB:26.1;RH:64.5%
2026-07-17 15:58:15,20,2,OBJ1:27.4;AMB:26.1;RH:65.0%
2026-07-17 15:58:19,20,2,OBJ1:27.5;AMB:26.1;RH:65.0%
2026-07-17 15:58:23,20,2,OBJ1:27.4;AMB:26.1;RH:65.0%
2026-07-17 15:58:27,20,2,OBJ1:27.5;AMB:26.1;RH:65.0%
2026-07-17 15:58:31,20,2,OBJ1:27.4;AMB:26.1;RH:65.0%
2026-07-17 15:58:35,20,2,OBJ1:27.5;AMB:26.1;RH:65.0%
2026-07-17 15:58:39,20,2,OBJ1:27.5;AMB:26.1;RH:65.0%
2026-07-17 15:58:43,20,2,OBJ1:27.4;AMB:26.1;RH:65.0%
2026-07-17 15:58:47,20,2,OBJ1:27.5;AMB:26.1;RH:65.0%
2026-07-17 15:58:51,20,2,OBJ1:27.5;AMB:26.1;RH:65.0%
2026-07-17 15:58:55,20,2,OBJ1:27.4;AMB:26.1;RH:65.0%
2026-07-17 15:58:59,20,2,OBJ1:27.4;AMB:26.1;RH:65.0%
2026-07-17 15:59:03,20,2,OBJ1:27.4;AMB:26.1;RH:65.0%
2026-07-17 15:59:07,20,2,OBJ1:27.4;AMB:26.1;RH:65.0%
2026-07-17 15:59:11,20,2,OBJ1:30.0;AMB:26.1;RH:65.0%
2026-07-17 15:59:15,20,2,OBJ1:31.0;AMB:26.1;RH:65.5%
2026-07-17 15:59:19,20,2,OBJ1:30.4;AMB:26.1;RH:65.5%
2026-07-17 15:59:23,20,2,OBJ1:27.5;AMB:26.1;RH:65.5%
2026-07-17 15:59:27,20,2,OBJ1:27.5;AMB:26.1;RH:65.0%
2026-07-17 15:59:31,20,2,OBJ1:27.5;AMB:26.1;RH:65.0%
2026-07-17 15:59:35,20,2,OBJ1:27.5;AMB:26.1;RH:65.0%
2026-07-17 15:59:39,20,2,OBJ1:27.5;AMB:26.1;RH:65.0%
2026-07-17 15:59:43,20,2,OBJ1:27.5;AMB:26.1;RH:65.0%
2026-07-17 15:59:47,20,2,OBJ1:27.4;AMB:26.1;RH:65.0%
2026-07-17 15:59:51,20,2,OBJ1:27.5;AMB:26.1;RH:65.0%
2026-07-17 15:59:55,20,2,OBJ1:27.5;AMB:26.1;RH:65.0%
2026-07-17 16:00:03,20,2,OBJ1:27.5;AMB:26.1;RH:65.0%
2026-07-17 16:00:07,20,2,OBJ1:27.5;AMB:26.1;RH:65.0%
2026-07-17 16:00:11,20,2,OBJ1:27.8;AMB:26.1;RH:65.0%
2026-07-17 16:00:15,20,2,OBJ1:27.5;AMB:26.1;RH:65.0%
2026-07-17 16:00:19,20,2,OBJ1:27.5;AMB:26.1;RH:65.0%
2026-07-17 16:00:24,20,2,OBJ1:27.5;AMB:26.1;RH:65.0%
2026-07-17 16:00:28,20,2,OBJ1:27.5;AMB:26.1;RH:65.0%
2026-07-17 16:00:32,20,2,OBJ1:27.4;AMB:26.1;RH:65.0%
2026-07-17 16:00:36,20,2,OBJ1:27.4;AMB:26.1;RH:64.5%
2026-07-17 16:00:40,20,2,OBJ1:27.5;AMB:26.1;RH:64.5%
2026-07-17 16:00:44,20,2,OBJ1:27.6;AMB:26.1;RH:65.0%
2026-07-17 16:00:48,20,2,OBJ1:27.4;AMB:26.1;RH:65.0%
2026-07-17 16:00:52,20,2,OBJ1:27.4;AMB:26.1;RH:65.0%
2026-07-17 16:00:56,20,2,OBJ1:27.5;AMB:26.1;RH:65.0%
2026-07-17 16:01:00,20,2,OBJ1:27.5;AMB:26.1;RH:65.0%
2026-07-17 16:01:04,20,2,OBJ1:27.5;AMB:26.1;RH:65.0%
2026-07-17 16:01:08,20,2,OBJ1:27.5;AMB:26.1;RH:65.0%
2026-07-17 16:01:16,20,2,OBJ1:27.5;AMB:26.1;RH:65.0%
2026-07-17 16:01:20,20,2,OBJ1:27.5;AMB:26.1;RH:65.0%
2026-07-17 16:01:24,20,2,OBJ1:27.5;AMB:26.1;RH:65.0%
2026-07-17 16:01:28,20,2,OBJ1:27.4;AMB:26.1;RH:65.0%
2026-07-17 16:01:32,20,2,OBJ1:27.5;AMB:26.1;RH:65.0%
2026-07-17 16:01:36,20,2,OBJ1:27.4;AMB:26.1;RH:65.0%
2026-07-17 16:01:40,20,2,OBJ1:27.5;AMB:26.1;RH:65.0%
2026-07-17 16:01:44,20,2,OBJ1:27.5;AMB:26.1;RH:65.0%
2026-07-17 16:01:52,20,2,OBJ1:27.5;AMB:26.1;RH:65.0%
2026-07-17 16:01:56,20,2,OBJ1:27.5;AMB:26.1;RH:65.0%
2026-07-17 16:02:04,20,2,OBJ1:27.5;AMB:26.1;RH:65.0%
2026-07-17 16:02:08,20,2,OBJ1:27.5;AMB:26.1;RH:65.0%
2026-07-17 16:02:16,20,2,OBJ1:27.5;AMB:26.1;RH:65.0%
2026-07-17 16:02:20,20,2,OBJ1:27.5;AMB:26.1;RH:65.0%
2026-07-17 16:02:28,20,2,OBJ1:27.5;AMB:26.1;RH:65.5%
2026-07-17 16:02:32,20,2,OBJ1:27.4;AMB:26.1;RH:65.5%
2026-07-17 16:02:36,20,2,OBJ1:27.7;AMB:26.1;RH:65.5%
2026-07-17 16:02:40,20,2,OBJ1:27.4;AMB:26.1;RH:65.5%
2026-07-17 16:02:45,20,2,OBJ1:30.6;AMB:26.1;RH:65.5%
2026-07-17 16:02:49,20,2,OBJ1:27.5;AMB:26.1;RH:65.5%
2026-07-17 16:02:53,20,2,OBJ1:27.5;AMB:26.1;RH:65.5%
2026-07-17 16:02:57,20,2,OBJ1:27.7;AMB:26.1;RH:65.0%
2026-07-17 16:03:01,20,2,OBJ1:27.6;AMB:26.1;RH:65.0%
2026-07-17 16:03:05,20,2,OBJ1:27.5;AMB:26.1;RH:65.0%
2026-07-17 16:03:09,20,2,OBJ1:27.6;AMB:26.1;RH:65.0%
2026-07-17 16:03:13,20,2,OBJ1:27.6;AMB:26.1;RH:65.0%
2026-07-17 16:03:17,20,2,OBJ1:27.6;AMB:26.1;RH:65.0%
2026-07-17 16:03:21,20,2,OBJ1:27.6;AMB:26.1;RH:65.0%
2026-07-17 16:03:25,20,2,OBJ1:27.6;AMB:26.1;RH:65.0%
2026-07-17 16:03:29,20,2,OBJ1:28.3;AMB:26.1;RH:65.0%
2026-07-17 16:03:33,20,2,OBJ1:28.1;AMB:26.1;RH:65.0%
2026-07-17 16:03:37,20,2,OBJ1:28.1;AMB:26.1;RH:65.0%
2026-07-17 16:03:41,20,2,OBJ1:28.1;AMB:26.1;RH:65.0%
2026-07-17 16:03:45,20,2,OBJ1:28.1;AMB:26.1;RH:65.0%
2026-07-17 16:03:49,20,2,OBJ1:28.1;AMB:26.1;RH:65.0%
2026-07-17 16:03:53,20,2,OBJ1:28.2;AMB:26.1;RH:65.0%
2026-07-17 16:03:57,20,2,OBJ1:28.2;AMB:26.1;RH:65.0%
2026-07-17 16:04:01,20,2,OBJ1:28.3;AMB:26.1;RH:65.0%
2026-07-17 16:04:05,20,2,OBJ1:28.2;AMB:26.1;RH:65.0%
2026-07-17 16:04:09,20,2,OBJ1:28.1;AMB:26.1;RH:65.0%
2026-07-17 16:04:13,20,2,OBJ1:28.2;AMB:26.1;RH:65.0%
2026-07-17 16:04:17,20,2,OBJ1:28.2;AMB:26.1;RH:65.0%
2026-07-17 16:04:21,20,2,OBJ1:27.8;AMB:26.1;RH:65.0%
2026-07-17 16:04:25,20,2,OBJ1:28.1;AMB:26.2;RH:65.5%
2026-07-17 16:04:29,20,2,OBJ1:27.7;AMB:26.2;RH:65.5%
2026-07-17 16:04:33,20,2,OBJ1:27.7;AMB:26.1;RH:65.5%
2026-07-17 16:04:37,20,2,OBJ1:27.7;AMB:26.2;RH:65.5%
2026-07-17 16:04:41,20,2,OBJ1:27.7;AMB:26.2;RH:65.5%
2026-07-17 16:04:45,20,2,OBJ1:27.7;AMB:26.2;RH:65.0%
2026-07-17 16:04:49,20,2,OBJ1:27.6;AMB:26.2;RH:65.0%
2026-07-17 16:04:53,20,2,OBJ1:27.5;AMB:26.2;RH:65.0%
2026-07-17 16:04:57,20,2,OBJ1:27.6;AMB:26.2;RH:65.0%
2026-07-17 16:05:01,20,2,OBJ1:27.7;AMB:26.1;RH:65.0%
2026-07-17 16:05:05,20,2,OBJ1:27.5;AMB:26.2;RH:65.0%
2026-07-17 16:05:09,20,2,OBJ1:27.5;AMB:26.2;RH:65.0%
2026-07-17 16:05:13,20,2,OBJ1:27.5;AMB:26.2;RH:65.0%
2026-07-17 16:05:18,20,2,OBJ1:27.6;AMB:26.2;RH:65.0%
2026-07-17 16:05:22,20,2,OBJ1:27.5;AMB:26.2;RH:65.0%
2026-07-17 16:05:26,20,2,OBJ1:27.6;AMB:26.2;RH:65.0%
2026-07-17 16:05:30,20,2,OBJ1:27.6;AMB:26.2;RH:65.0%
2026-07-17 16:05:34,20,2,OBJ1:27.6;AMB:26.2;RH:65.0%
2026-07-17 16:05:38,20,2,OBJ1:27.6;AMB:26.2;RH:65.0%
2026-07-17 16:05:42,20,2,OBJ1:27.6;AMB:26.2;RH:65.5%
2026-07-17 16:05:46,20,2,OBJ1:27.5;AMB:26.1;RH:65.5%
2026-07-17 16:05:50,20,2,OBJ1:27.7;AMB:26.1;RH:65.5%
2026-07-17 16:05:54,20,2,OBJ1:27.5;AMB:26.2;RH:65.5%
2026-07-17 16:05:58,20,2,OBJ1:27.5;AMB:26.1;RH:65.5%
2026-07-17 16:06:02,20,2,OBJ1:27.4;AMB:26.2;RH:65.5%
2026-07-17 16:06:06,20,2,OBJ1:27.9;AMB:26.2;RH:65.5%
2026-07-17 16:06:10,20,2,OBJ1:27.6;AMB:26.2;RH:65.5%
2026-07-17 16:06:14,20,2,OBJ1:27.6;AMB:26.1;RH:65.5%
2026-07-17 16:06:18,20,2,OBJ1:27.6;AMB:26.2;RH:65.5%
2026-07-17 16:06:22,20,2,OBJ1:27.9;AMB:26.2;RH:65.5%
2026-07-17 16:06:26,20,2,OBJ1:27.6;AMB:26.2;RH:65.5%
2026-07-17 16:06:30,20,2,OBJ1:27.6;AMB:26.2;RH:65.5%
2026-07-17 16:06:34,20,2,OBJ1:27.6;AMB:26.2;RH:65.5%
2026-07-17 16:06:38,20,2,OBJ1:27.6;AMB:26.2;RH:65.5%
2026-07-17 16:06:46,20,2,OBJ1:27.6;AMB:26.2;RH:65.5%
2026-07-17 16:06:50,20,2,OBJ1:27.6;AMB:26.2;RH:65.5%
2026-07-17 16:06:54,20,2,OBJ1:27.6;AMB:26.2;RH:65.5%
2026-07-17 16:06:58,20,2,OBJ1:27.6;AMB:26.2;RH:65.5%
2026-07-17 16:07:02,20,2,OBJ1:27.6;AMB:26.2;RH:65.5%
2026-07-17 16:07:06,20,2,OBJ1:27.5;AMB:26.2;RH:65.5%
2026-07-17 16:07:10,20,2,OBJ1:27.6;AMB:26.2;RH:65.5%
2026-07-17 16:07:14,20,2,OBJ1:27.9;AMB:26.2;RH:65.5%
2026-07-17 16:07:18,20,2,OBJ1:27.6;AMB:26.1;RH:65.5%
2026-07-17 16:07:22,20,2,OBJ1:27.6;AMB:26.2;RH:65.5%
2026-07-17 16:07:26,20,2,OBJ1:27.5;AMB:26.1;RH:65.5%
2026-07-17 16:07:38,20,2,OBJ1:27.6;AMB:26.2;RH:65.5%
2026-07-17 16:07:42,20,2,OBJ1:27.6;AMB:26.2;RH:65.5%
2026-07-17 16:07:51,20,2,OBJ1:27.6;AMB:26.1;RH:65.5%
2026-07-17 16:07:55,20,2,OBJ1:27.5;AMB:26.1;RH:65.5%
2026-07-17 16:07:59,20,2,OBJ1:27.5;AMB:26.1;RH:65.5%
2026-07-17 16:08:03,20,2,OBJ1:27.6;AMB:26.2;RH:65.5%
2026-07-17 16:08:11,20,2,OBJ1:27.5;AMB:26.2;RH:66.0%
2026-07-17 16:08:15,20,2,OBJ1:27.6;AMB:26.2;RH:66.0%
2026-07-17 16:08:19,20,2,OBJ1:27.6;AMB:26.2;RH:66.0%
2026-07-17 16:08:27,20,2,OBJ1:27.6;AMB:26.2;RH:66.0%
2026-07-17 16:08:31,20,2,OBJ1:27.5;AMB:26.2;RH:65.5%
2026-07-17 16:08:39,20,2,OBJ1:27.6;AMB:26.2;RH:65.5%
2026-07-17 16:08:43,20,2,OBJ1:27.5;AMB:26.2;RH:66.0%
2026-07-17 16:08:51,20,2,OBJ1:27.7;AMB:26.2;RH:66.0%
2026-07-17 16:08:55,20,2,OBJ1:27.7;AMB:26.2;RH:66.0%
2026-07-17 16:08:59,20,2,OBJ1:27.7;AMB:26.2;RH:66.0%
2026-07-17 16:09:03,20,2,OBJ1:27.7;AMB:26.2;RH:66.0%
2026-07-17 16:09:07,20,2,OBJ1:27.6;AMB:26.2;RH:66.0%
2026-07-17 16:09:11,20,2,OBJ1:27.6;AMB:26.2;RH:66.0%
2026-07-17 16:09:15,20,2,OBJ1:27.6;AMB:26.2;RH:66.0%
2026-07-17 16:09:19,20,2,OBJ1:27.6;AMB:26.2;RH:66.0%
2026-07-17 16:09:23,20,2,OBJ1:27.6;AMB:26.2;RH:66.0%
2026-07-17 16:09:27,20,2,OBJ1:27.7;AMB:26.2;RH:66.0%
2026-07-17 16:09:31,20,2,OBJ1:27.6;AMB:26.2;RH:65.5%
2026-07-17 16:09:35,20,2,OBJ1:27.6;AMB:26.2;RH:65.5%
2026-07-17 16:09:39,20,2,OBJ1:27.6;AMB:26.1;RH:65.5%
2026-07-17 16:09:43,20,2,OBJ1:27.6;AMB:26.1;RH:65.5%
2026-07-17 16:09:55,20,2,OBJ1:27.6;AMB:26.2;RH:66.0%
2026-07-17 16:10:07,20,2,OBJ1:27.6;AMB:26.2;RH:66.0%
2026-07-17 16:10:20,20,2,OBJ1:27.6;AMB:26.2;RH:66.0%
2026-07-17 16:10:28,20,2,OBJ1:27.5;AMB:26.2;RH:66.0%
2026-07-17 16:10:32,20,2,OBJ1:27.6;AMB:26.2;RH:66.0%
2026-07-17 16:10:40,20,2,OBJ1:27.5;AMB:26.2;RH:66.0%
2026-07-17 16:10:44,20,2,OBJ1:27.5;AMB:26.2;RH:66.0%
2026-07-17 16:10:48,20,2,OBJ1:27.5;AMB:26.2;RH:66.0%
2026-07-17 16:10:52,20,2,OBJ1:27.6;AMB:26.2;RH:65.5%
2026-07-17 16:10:56,20,2,OBJ1:27.5;AMB:26.2;RH:65.5%
2026-07-17 16:11:00,20,2,OBJ1:27.5;AMB:26.2;RH:65.5%
2026-07-17 16:11:08,20,2,OBJ1:27.5;AMB:26.2;RH:66.0%
2026-07-17 16:11:12,20,2,OBJ1:27.6;AMB:26.2;RH:66.0%
2026-07-17 16:11:16,20,2,OBJ1:27.5;AMB:26.2;RH:66.0%
2026-07-17 16:11:20,20,2,OBJ1:27.5;AMB:26.2;RH:66.0%
2026-07-17 16:11:24,20,2,OBJ1:27.5;AMB:26.2;RH:66.0%
2026-07-17 16:11:28,20,2,OBJ1:27.6;AMB:26.2;RH:66.0%
2026-07-17 16:11:32,20,2,OBJ1:27.5;AMB:26.2;RH:66.0%
2026-07-17 16:11:36,20,2,OBJ1:27.5;AMB:26.2;RH:66.0%
2026-07-17 16:11:40,20,2,OBJ1:27.6;AMB:26.2;RH:66.0%
2026-07-17 16:11:44,20,2,OBJ1:27.5;AMB:26.2;RH:66.0%
2026-07-17 16:11:48,20,2,OBJ1:27.5;AMB:26.2;RH:66.0%
2026-07-17 16:11:52,20,2,OBJ1:27.6;AMB:26.2;RH:66.0%
2026-07-17 16:11:56,20,2,OBJ1:27.5;AMB:26.2;RH:66.0%
2026-07-17 16:12:00,20,2,OBJ1:27.5;AMB:26.2;RH:66.0%
2026-07-17 16:12:04,20,2,OBJ1:27.5;AMB:26.2;RH:66.0%
2026-07-17 16:12:08,20,2,OBJ1:27.5;AMB:26.2;RH:66.0%
2026-07-17 16:12:12,20,2,OBJ1:27.6;AMB:26.2;RH:66.0%
2026-07-17 16:12:16,20,2,OBJ1:27.5;AMB:26.2;RH:65.5%
2026-07-17 16:12:20,20,2,OBJ1:27.5;AMB:26.2;RH:65.5%
2026-07-17 16:12:24,20,2,OBJ1:27.6;AMB:26.2;RH:65.5%
2026-07-17 16:12:32,20,2,OBJ1:27.5;AMB:26.2;RH:65.5%
2026-07-17 16:12:36,20,2,OBJ1:27.9;AMB:26.2;RH:65.5%
2026-07-17 16:12:41,20,2,OBJ1:27.7;AMB:26.2;RH:65.5%
2026-07-17 16:12:45,20,2,OBJ1:27.8;AMB:26.2;RH:65.5%
2026-07-17 16:12:49,20,2,OBJ1:27.8;AMB:26.2;RH:65.5%
2026-07-17 16:12:53,20,2,OBJ1:27.6;AMB:26.2;RH:65.5%
2026-07-17 16:12:57,20,2,OBJ1:27.8;AMB:26.2;RH:65.5%
2026-07-17 16:13:01,20,2,OBJ1:27.6;AMB:26.2;RH:65.5%
2026-07-17 16:13:05,20,2,OBJ1:27.6;AMB:26.2;RH:65.5%
2026-07-17 16:13:09,20,2,OBJ1:27.7;AMB:26.2;RH:65.5%
2026-07-17 16:13:13,20,2,OBJ1:27.7;AMB:26.2;RH:66.0%
2026-07-17 16:13:21,20,2,OBJ1:27.6;AMB:26.2;RH:66.0%
2026-07-17 16:13:25,20,2,OBJ1:27.6;AMB:26.2;RH:65.5%
2026-07-17 16:13:29,20,2,OBJ1:27.6;AMB:26.2;RH:65.5%
2026-07-17 16:13:37,20,2,OBJ1:27.6;AMB:26.2;RH:65.5%
2026-07-17 16:13:41,20,2,OBJ1:27.5;AMB:26.2;RH:65.5%
2026-07-17 16:13:45,20,2,OBJ1:27.5;AMB:26.2;RH:65.5%
2026-07-17 16:13:49,20,2,OBJ1:27.6;AMB:26.2;RH:65.5%
2026-07-17 16:13:53,20,2,OBJ1:27.6;AMB:26.2;RH:65.5%
2026-07-17 16:13:57,20,2,OBJ1:27.6;AMB:26.2;RH:65.5%
2026-07-17 16:14:01,20,2,OBJ1:27.5;AMB:26.2;RH:65.5%
2026-07-17 16:14:05,20,2,OBJ1:27.5;AMB:26.2;RH:65.5%
2026-07-17 16:14:09,20,2,OBJ1:27.5;AMB:26.2;RH:65.5%
2026-07-17 16:14:13,20,2,OBJ1:27.5;AMB:26.2;RH:65.5%
2026-07-17 16:14:17,20,2,OBJ1:27.5;AMB:26.2;RH:65.5%
2026-07-17 16:14:25,20,2,OBJ1:27.6;AMB:26.2;RH:65.5%
2026-07-17 16:14:29,20,2,OBJ1:27.6;AMB:26.2;RH:65.5%
2026-07-17 16:14:33,20,2,OBJ1:27.6;AMB:26.2;RH:65.5%
2026-07-17 16:14:37,20,2,OBJ1:27.6;AMB:26.2;RH:65.5%
2026-07-17 16:14:41,20,2,OBJ1:27.6;AMB:26.2;RH:65.5%
2026-07-17 16:14:45,20,2,OBJ1:27.5;AMB:26.2;RH:65.5%
2026-07-17 16:14:49,20,2,OBJ1:27.5;AMB:26.2;RH:65.5%
2026-07-17 16:14:53,20,2,OBJ1:27.8;AMB:26.2;RH:65.5%
2026-07-17 16:14:57,20,2,OBJ1:27.6;AMB:26.2;RH:65.5%
2026-07-17 16:15:01,20,2,OBJ1:27.7;AMB:26.2;RH:65.5%
2026-07-17 16:15:05,20,2,OBJ1:27.5;AMB:26.2;RH:65.5%
2026-07-17 16:15:10,20,2,OBJ1:27.7;AMB:26.2;RH:65.5%
2026-07-17 16:15:14,20,2,OBJ1:27.7;AMB:26.2;RH:65.5%
2026-07-17 16:15:18,20,2,OBJ1:27.6;AMB:26.2;RH:65.5%
2026-07-17 16:15:26,20,2,OBJ1:27.5;AMB:26.2;RH:65.5%
2026-07-17 16:15:30,20,2,OBJ1:27.5;AMB:26.2;RH:65.5%
2026-07-17 16:15:34,20,2,OBJ1:27.6;AMB:26.2;RH:65.5%
2026-07-17 16:15:38,20,2,OBJ1:27.6;AMB:26.2;RH:65.5%
2026-07-17 16:15:42,20,2,OBJ1:27.5;AMB:26.2;RH:65.5%
2026-07-17 16:15:46,20,2,OBJ1:27.6;AMB:26.2;RH:65.5%
2026-07-17 16:15:50,20,2,OBJ1:27.5;AMB:26.2;RH:65.5%
2026-07-17 16:15:54,20,2,OBJ1:27.6;AMB:26.2;RH:65.5%
2026-07-17 16:15:58,20,2,OBJ1:27.6;AMB:26.2;RH:65.5%
2026-07-17 16:16:02,20,2,OBJ1:27.6;AMB:26.2;RH:65.5%
2026-07-17 16:16:06,20,2,OBJ1:27.6;AMB:26.2;RH:65.5%
2026-07-17 16:16:10,20,2,OBJ1:27.5;AMB:26.2;RH:65.5%
2026-07-17 16:16:14,20,2,OBJ1:27.6;AMB:26.2;RH:65.5%
2026-07-17 16:16:18,20,2,OBJ1:27.6;AMB:26.2;RH:65.5%
2026-07-17 16:16:26,20,2,OBJ1:27.7;AMB:26.2;RH:65.5%
2026-07-17 16:16:30,20,2,OBJ1:27.6;AMB:26.2;RH:65.5%
2026-07-17 16:16:34,20,2,OBJ1:27.6;AMB:26.2;RH:65.5%
2026-07-17 16:16:42,20,2,OBJ1:27.7;AMB:26.2;RH:65.5%
2026-07-17 16:16:46,20,2,OBJ1:27.7;AMB:26.2;RH:65.5%
2026-07-17 16:16:50,20,2,OBJ1:27.8;AMB:26.2;RH:65.5%
2026-07-17 16:16:54,20,2,OBJ1:27.6;AMB:26.2;RH:65.5%
2026-07-17 16:16:58,20,2,OBJ1:27.6;AMB:26.2;RH:65.5%
2026-07-17 16:17:06,20,2,OBJ1:27.6;AMB:26.2;RH:65.5%
2026-07-17 16:17:10,20,2,OBJ1:27.6;AMB:26.2;RH:65.5%
2026-07-17 16:17:14,20,2,OBJ1:27.6;AMB:26.2;RH:65.5%
2026-07-17 16:17:18,20,2,OBJ1:27.6;AMB:26.2;RH:65.5%
2026-07-17 16:17:22,20,2,OBJ1:27.6;AMB:26.2;RH:65.5%
2026-07-17 16:17:26,20,2,OBJ1:27.5;AMB:26.2;RH:65.5%
2026-07-17 16:17:30,20,2,OBJ1:27.5;AMB:26.2;RH:65.5%
2026-07-17 16:17:34,20,2,OBJ1:27.6;AMB:26.2;RH:65.5%
2026-07-17 16:17:39,20,2,OBJ1:27.5;AMB:26.2;RH:65.5%
2026-07-17 16:17:43,20,2,OBJ1:27.5;AMB:26.2;RH:65.5%
2026-07-17 16:17:47,20,2,OBJ1:27.6;AMB:26.2;RH:65.5%
2026-07-17 16:17:55,20,2,OBJ1:27.5;AMB:26.2;RH:65.5%
2026-07-17 16:17:59,20,2,OBJ1:28.1;AMB:26.2;RH:65.5%
2026-07-17 16:18:07,20,2,OBJ1:27.5;AMB:26.2;RH:65.5%
2026-07-17 16:18:11,20,2,OBJ1:27.6;AMB:26.2;RH:65.5%
2026-07-17 16:18:15,20,2,OBJ1:27.6;AMB:26.2;RH:65.5%
2026-07-17 16:18:19,20,2,OBJ1:27.6;AMB:26.2;RH:65.5%
2026-07-17 16:18:23,20,2,OBJ1:27.6;AMB:26.2;RH:65.5%
2026-07-17 16:18:27,20,2,OBJ1:27.6;AMB:26.2;RH:65.0%
2026-07-17 16:18:31,20,2,OBJ1:27.6;AMB:26.2;RH:65.5%
2026-07-17 16:18:35,20,2,OBJ1:27.7;AMB:26.2;RH:65.5%
2026-07-17 16:18:39,20,2,OBJ1:27.5;AMB:26.2;RH:65.5%
2026-07-17 16:18:43,20,2,OBJ1:27.8;AMB:26.2;RH:65.5%
2026-07-17 16:18:47,20,2,OBJ1:27.5;AMB:26.2;RH:65.5%
2026-07-17 16:18:51,20,2,OBJ1:27.5;AMB:26.2;RH:65.5%
2026-07-17 16:18:55,20,2,OBJ1:27.6;AMB:26.2;RH:65.5%
2026-07-17 16:18:59,20,2,OBJ1:27.6;AMB:26.2;RH:65.5%
2026-07-17 16:19:03,20,2,OBJ1:27.6;AMB:26.2;RH:65.5%
2026-07-17 16:19:07,20,2,OBJ1:27.7;AMB:26.2;RH:65.5%
2026-07-17 16:19:11,20,2,OBJ1:27.7;AMB:26.2;RH:65.5%
2026-07-17 16:19:15,20,2,OBJ1:27.5;AMB:26.2;RH:65.5%
2026-07-17 16:19:19,20,2,OBJ1:27.6;AMB:26.2;RH:65.5%
2026-07-17 16:19:23,20,2,OBJ1:27.5;AMB:26.2;RH:65.5%
2026-07-17 16:19:27,20,2,OBJ1:27.5;AMB:26.2;RH:65.5%
2026-07-17 16:19:31,20,2,OBJ1:27.6;AMB:26.2;RH:65.5%
2026-07-17 16:19:35,20,2,OBJ1:27.7;AMB:26.2;RH:65.5%
2026-07-17 16:19:39,20,2,OBJ1:27.6;AMB:26.2;RH:65.5%
2026-07-17 16:19:43,20,2,OBJ1:27.6;AMB:26.2;RH:65.5%
2026-07-17 16:19:47,20,2,OBJ1:28.6;AMB:26.2;RH:65.5%
2026-07-17 16:19:51,20,2,OBJ1:28.8;AMB:26.2;RH:65.5%
2026-07-17 16:19:55,20,2,OBJ1:28.6;AMB:26.2;RH:65.5%
2026-07-17 16:19:59,20,2,OBJ1:28.6;AMB:26.2;RH:65.5%
2026-07-17 16:20:03,20,2,OBJ1:28.5;AMB:26.3;RH:66.0%
2026-07-17 16:20:12,20,2,OBJ1:28.1;AMB:26.2;RH:66.0%
2026-07-17 16:20:16,20,2,OBJ1:27.3;AMB:26.2;RH:65.5%
2026-07-17 16:20:24,20,2,OBJ1:27.3;AMB:26.3;RH:66.0%
2026-07-17 16:20:28,20,2,OBJ1:27.4;AMB:26.2;RH:66.0%
